codigo,nombre,cartilla,hex
CW001W,Soft Whisper,Millennium,#e1e5ee
CW002W,Rain Shimmer,Millennium,#eaedf0
CW003W,Mysterious,Millennium,#eff0ee
CW004W,Delicate Blue,Millennium,#e5ebf0
CW005W,Winterscape,Millennium,#e2e6e7
CW006W,Shaded Ice,Millennium,#e3e6e5
CW007W,Blue Twinkle,Millennium,#dfe8f0
CW008W,Blue Glance,Millennium,#e4ecee
CW009W,Barely Blue,Millennium,#ecf1ef
CW010W,Blueberry Haze,Millennium,#dfe7e5
CW011W,Serene White,Millennium,#dee4e0
CW012W,Blueberry Mist,Millennium,#e5e9e6
CW013W,Blueberry Hint,Millennium,#deeae9
CW014W,Blueberry Frost,Millennium,#e8eeeb
CW015W,Perfect Mint,Millennium,#e9f2ee
CW016W,Lime Squeeze,Millennium,#e8efe7
CW017W,Limon,Millennium,#e5e9df
CW018W,Lime Treat,Millennium,#edf4e9
CW019W,Lemonade,Millennium,#f5edd6
CW020W,Lemon White,Millennium,#f6f0e0
CW021W,Lemon Peel,Millennium,#f0eedf
CW022W,Soft Gold,Millennium,#fff1d9
CW023W,Lis Creme,Millennium,#fcf5e3
CW024W,Soaring White,Millennium,#fcf5e7
CW025W,Restorative,Millennium,#f2e7d3
CW026W,Lemon Chiffon,Millennium,#f3eddf
CW027W,Sensitive White,Millennium,#f8f0e0
CW028W,Orange Whip,Millennium,#f7e9d9
CW029W,Orange Peel,Millennium,#f4ecdd
CW030W,Apple Peel,Millennium,#f2ece4
CW031W,Coconut Spirit,Millennium,#efe4d9
CW032W,Orange Foam,Millennium,#f6ebe0
CW033W,Floral White,Millennium,#f6f2e7
CW034W,Coconut Milk,Millennium,#f1e6db
CW035W,Coconut Twist,Millennium,#f4e9de
CW036W,Apple Tint,Millennium,#f4ece4
CW037W,White Filigree,Millennium,#ece1da
CW038W,Apple Delight,Millennium,#eee6e1
CW039W,Coconut Colada,Millennium,#f1ece6
CW040W,Essence,Millennium,#ebdedb
CW041W,Poetic White,Millennium,#ede5df
CW042W,Grape Freeze,Millennium,#f2ece7
CW043W,Grape Reflection,Millennium,#eee9eb
CW044W,Grape Ole,Millennium,#eae5e2
CW045W,Grape Beginnings,Millennium,#f2efec
CW046W,Enchanting,Millennium,#eae5e2
CW047W,Hidden White,Millennium,#e6e2dd
CW048W,Composed,Millennium,#ecedeb
CW049W,Light Antique,Millennium,#e3dbcf
CW050W,Plum Black White,Millennium,#e9e8e2
CW051W,Solo White,Millennium,#eceae9
CW052W,Subtlety Natural,Millennium,#e6e0d4
CW053W,Natural Bisque,Millennium,#e8e2d6
CW054W,Natural Echo,Millennium,#f8f5ea
CW055W,Honeywind,Millennium,#e7e0d3
CW056W,Moonlit,Millennium,#e8e2d6
CW057W,White Solitude,Millennium,#f0ede4
CW058W,Dove Wing,Millennium,#e5e1d3
CW059W,Fog Mist,Millennium,#ebe5d9
CW060W,Sea Cloud,Millennium,#f0ede4
CW061W,Lime Peel,Millennium,#e6e7db
CW062W,Delicate Aire,Millennium,#eae8dd
CW063W,Juliet's White,Millennium,#eff1e7
CW064W,White Pebble,Millennium,#e0ded6
CW065W,Camelle,Millennium,#efede6
CW066W,Picket White,Millennium,#eeede7
CW067W,Soft Mist,Millennium,#dddcd6
CW068W,Intimate White,Millennium,#e8e6de
CW069W,Respectfully White,Millennium,#e7e6e0
CW070W,Plum Black Ashes,Millennium,#e4e3dd
CW071W,Plum Black Absence,Millennium,#e8e5e2
CW072W,Plum Black Whisper,Millennium,#ecebe5
7000W,White Lilac,Millennium,#ece2ec
7001W,Lilac Glaze,Millennium,#e9dceb
7002W,Lavender Bubble,Millennium,#d9c7e3
7003M,Lively Lavender,Millennium,#cab4d7
7004M,Candy Violet,Millennium,#bda3ce
7005D,Purple Sequel,Millennium,#8f45c7
7006N,Purple Passion,Millennium,#806292
7010W,Phantom Violet,Millennium,#e5e0ed
7011W,Lilac Petal,Millennium,#ded8eb
7012W,Violet Veil,Millennium,#d2c9e4
7013M,Peruvian Violet,Millennium,#c4badd
7014M,Sugarplum,Millennium,#b3a6d1
7015D,Super Violet,Millennium,#8f80b4
7016A,Purple Banner,Millennium,#716699
7020W,Frost Violet,Millennium,#e0e1ee
7021W,Cool Lilac,Millennium,#d8d5e9
7022W,Spring Crocus,Millennium,#d2c9e4
7023M,Lupine,Millennium,#b9b9dd
7024M,Poet's Purple,Millennium,#a6aad5
7025D,Paradox,Millennium,#7c81b6
7026N,Purple Eden,Millennium,#5f6397
7030W,White Finesse,Millennium,#ececf0
7031W,Lavender Star,Millennium,#d4d6eb
7032W,Lavender Glow,Millennium,#cccae6
7033M,Lilac Luxury,Millennium,#b2bbdd
7034M,Blue Iris,Millennium,#9ca8d3
7035D,Lavender Blue,Millennium,#7686bc
7036A,Blue Foxglove,Millennium,#5c6a9f
7040W,Sedum Flower,Millennium,#e6ebf1
7041W,Woodflower,Millennium,#ccd9eb
7042W,Parlor Blue,Millennium,#bbcce9
7043M,Blue Feather,Millennium,#aabce0
7044M,Brewster Blue,Millennium,#94add9
7045D,Blue Epic,Millennium,#6988bf
7046A,Etheria Blue,Millennium,#4a6ca5
7050W,Blue Chill,Millennium,#e9f0f7
7051W,Bluet Bouquet,Millennium,#d4e2ee
7052W,Brisk Blue,Millennium,#b5d0ec
7053M,Jonathan,Millennium,#9abfe3
7054M,Venetian Blue,Millennium,#83b0de
7055D,Pompeii,Millennium,#4b8dc7
7056N,Endless Blue,Millennium,#3670ac
7060W,Cool Vista,Millennium,#e7f0f8
7061W,Soft Sky,Millennium,#d0e2f0
7062W,Carolina Blue,Millennium,#b6d6ee
7063M,Blue Palace,Millennium,#93c4e8
7064M,Water Jet,Millennium,#77b5e3
7065D,Triumph Blue,Millennium,#2392cd
7066N,Stars Forever,Millennium,#0072b0
7070W,Bridgewater,Millennium,#d7e6f2
7071W,Meltwater,Millennium,#c6e1f0
7072W,Heron Blue,Millennium,#bcdcf0
7073M,Bluejay,Millennium,#87c8ed
7074M,Brandon's Blue,Millennium,#62bae8
7075D,Electron Blue,Millennium,#0099d5
7076A,Neon Blue,Millennium,#007fc2
7080W,Sistine Blue,Millennium,#cfe9f1
7081W,Clear Day,Millennium,#bfe2f0
7082W,Sky Delight,Millennium,#aedcef
7083M,Blue Yonder,Millennium,#88c9e7
7084M,Parade Blue,Millennium,#68bee3
7085D,Atlas Blue,Millennium,#009ccb
7086A,Gulf Coast,Millennium,#0082b5
7090W,Blue Cool,Millennium,#d7eef3
7091W,Ondine Blue,Millennium,#c9e7f0
7092W,Inspiration Blue,Millennium,#aeddee
7093M,Baby Blue Eyes,Millennium,#88cde4
7094M,Blue Stencil,Millennium,#62c0de
7095D,Granada Blue,Millennium,#00a1c5
7096A,Deep Marine,Millennium,#0088ae
7100W,Blue Facets,Millennium,#e4f3f1
7101W,Blue Gossamer,Millennium,#caebef
7102W,Galactic Blue,Millennium,#ade0e9
7103M,Aqua Whisper,Millennium,#84d2de
7104M,Carribean Waters,Millennium,#5fc5d4
7105D,Matisse Blue,Millennium,#00a7ba
7106A,Aqua Fantasy,Millennium,#008ea0
7110W,Lithesome Blue,Millennium,#d9f1f0
7111W,Intricate Aqua,Millennium,#cbeeee
7112W,Sea Port,Millennium,#b1e7e7
7113M,Birthstone,Millennium,#80d6d9
7114M,Noblesse,Millennium,#60cccf
7115D,Calypso,Millennium,#00b2b3
7116A,Bloodstone,Millennium,#00999a
7120W,Shallow Pool,Millennium,#dff4ef
7121W,Cupid Green,Millennium,#c1eeea
7122W,Water Dance,Millennium,#aae9e3
7123M,Jadeast,Millennium,#82ddd7
7124M,Aqua Fresco,Millennium,#60d3cb
7125D,Indian Bead,Millennium,#00b9ae
7126N,Subterranean,Millennium,#009e91
7130W,Aquarill,Millennium,#e3f6f1
7131W,Green Aqua,Millennium,#c0efe8
7132W,Cyan Waters,Millennium,#a9e9e2
7133M,Tahitian Breeze,Millennium,#83e1d7
7134D,Jade Jewel,Millennium,#1dcaba
7135A,Paradise Waters,Millennium,#00b09d
7136N,Mayan Green,Millennium,#00a08d
7140W,Nile Mist,Millennium,#dff5ec
7141W,Tropic Sealight,Millennium,#bdece0
7142W,Beau Monde,Millennium,#a7e8da
7143M,Wistful Green,Millennium,#92daca
7144D,Island Dream,Millennium,#5cc3ab
7145D,Green Melody,Millennium,#2cb59a
7146N,Pageant Green,Millennium,#009477
7150W,Hint O' Green,Millennium,#ddf2e5
7151W,Mint Frost,Millennium,#c3edd6
7152W,Tender Green,Millennium,#bbecd2
7153M,Summer Green,Millennium,#a5dbbc
7154D,Dutch Bells,Millennium,#7ac79e
7155D,Green Glory,Millennium,#5db98b
7156N,Patrick Green,Millennium,#3c9c6c
7160W,Spring Mint,Millennium,#dff3dc
7161W,Wispy Green,Millennium,#d9f2d7
7162W,Green Gulf,Millennium,#c7edc9
7163M,Bailey's Beads,Millennium,#a3dea6
7164D,Shocking Green,Millennium,#77ca80
7165A,Lucky Shamrock,Millennium,#4fb76e
7166N,Isle O' Green,Millennium,#32a65a
7170W,Bon Bon,Millennium,#e7f4e1
7171W,Willow Sweeps,Millennium,#d9efcf
7172W,Duet Green,Millennium,#cdeac2
7173M,Applejack,Millennium,#b4dba4
7174D,Canopy Green,Millennium,#90c37c
7175A,Belladonna,Millennium,#7ab268
7176N,Green Hedge,Millennium,#66a157
7180W,Pale Parsnip,Millennium,#edf6dc
7181W,Green Pear,Millennium,#e1eec4
7182W,Green Muslin,Millennium,#dbe7b8
7183M,Candy Lime,Millennium,#ccdca1
7184D,Green Balsam,Millennium,#aac877
7185A,Broadleaf,Millennium,#9cbc66
7186N,Bonzai Green,Millennium,#92ae56
7190W,Tiffany Glass,Millennium,#edf4d3
7191W,Rain Reflection,Millennium,#f0efc0
7192W,Tangy Green,Millennium,#e6e8b0
7193M,Green Moth,Millennium,#dfe29c
7194D,Spring Grass,Millennium,#d4d881
7195A,Picnic Green,Millennium,#bfc45d
7196N,Bistro Green,Millennium,#aab352
7200W,Shower Mint,Millennium,#f1f2ca
7201W,Sparkle Green,Millennium,#f1f1c1
7202W,Lilting Green,Millennium,#eceeaf
7203M,Breadfruit,Millennium,#e2e591
7204D,Spring Chartreuse,Millennium,#dadb7a
7205A,Limeburst,Millennium,#c7cb5a
7206N,Pekingese,Millennium,#b7c146
7210W,Greenlet,Millennium,#f5f3c9
7211W,New Spring,Millennium,#f4f5bc
7212W,Spiney Green,Millennium,#f1f1a4
7213D,Yellow Citrus,Millennium,#ebe975
7214D,Lime Tart,Millennium,#eee464
7215A,Lime Flip,Millennium,#ebdf53
7216N,Brite Lime,Millennium,#dfd634
7220W,Yellow Buff,Millennium,#fef7d2
7221W,Fresh Lemon,Millennium,#fff7c5
7222W,Daisy Petal,Millennium,#fff5ab
7223M,Glittering Sun,Millennium,#fff097
7224D,Yellow Jubilee,Millennium,#ffea66
7225A,Competition Yellow,Millennium,#ffe44a
7226N,Sun Valley,Millennium,#ffd700
7230W,Translucence,Millennium,#fff6d7
7231W,Afternoon Delight,Millennium,#fff4bf
7232W,Mineral Yellow,Millennium,#ffeeaa
7233M,Southern Sun,Millennium,#ffec97
7234D,Yellow Tulip,Millennium,#ffe170
7235A,Ornate Yellow,Millennium,#ffd752
7236N,Imperial Yellow,Millennium,#ffce32
7240W,Chaste White,Millennium,#fcf6dc
7241W,Sun Shimmer,Millennium,#fff3bb
7242W,Yellow Begonia,Millennium,#fff1ab
7243M,Forsythia,Millennium,#ffea8e
7244D,Golden Ray,Millennium,#ffde62
7245A,Glimmer Gold,Millennium,#ffd749
7246N,Golden Dome,Millennium,#ffd029
7250W,Serenity,Millennium,#fbf6e1
7251W,Lemon Meringue,Millennium,#fff1bf
7252W,Sundew,Millennium,#fff0af
7253M,Golden Corn,Millennium,#ffe78f
7254D,Black-eyed Susan,Millennium,#ffda5d
7255A,High Sun,Millennium,#ffd340
7256N,Coronation Gold,Millennium,#ffc200
7260W,Amber White,Millennium,#fdf2d6
7261W,Sunny Beach,Millennium,#fff2cb
7262W,Warm Rays,Millennium,#ffecaa
7263M,Sunspot,Millennium,#ffe38b
7264D,Sardonyx,Millennium,#ffd559
7265A,Golden Glisten,Millennium,#ffcf41
7266N,Garden Marigold,Millennium,#ffba00
7270W,Filtered Light,Millennium,#fff5dc
7271W,Morning Moon,Millennium,#ffefc8
7272W,Honey Pear,Millennium,#ffe9a6
7273M,Amber Light,Millennium,#ffdf83
7274D,Scotch Yellow,Millennium,#ffd054
7275A,Imperial Palace,Millennium,#ffc93b
7276N,Palace Gold,Millennium,#ffb800
7280W,Golden Blonde,Millennium,#ffeed6
7281W,Palest Sunset,Millennium,#ffeecb
7282W,Candleglow,Millennium,#ffe2a5
7283M,Matisse Gold,Millennium,#ffd788
7284D,Fireside,Millennium,#ffc971
7285A,Marsh Marigold,Millennium,#ffba48
7286N,Brilliant Orange,Millennium,#ffaa1c
7290W,Natural Wax,Millennium,#ffebcc
7291W,Runnymede,Millennium,#ffe5ba
7292W,Freestone,Millennium,#ffe2ac
7293M,Summer Melon,Millennium,#ffcf8c
7294D,Pom Pom Orange,Millennium,#ffc578
7295D,Malaga,Millennium,#ffb863
7296N,Barcelona,Millennium,#ef9a41
7300W,Pale Chamois,Millennium,#ffeed6
7301W,Brushed Peach,Millennium,#ffe5c0
7302W,Carmelite,Millennium,#ffd8aa
7303M,Aztec Dawn,Millennium,#fbc68e
7304D,Rice Curry,Millennium,#f8ba78
7305D,Sundance,Millennium,#f2ab67
7306N,Cinnamon Cider,Millennium,#e5944e
7310W,Camisole Silk,Millennium,#ffeed6
7311W,Peach Mallow,Millennium,#ffe2be
7312W,Filtered Moon,Millennium,#ffdbb6
7313M,New Penny,Millennium,#fdc28f
7314D,Octoberfest,Millennium,#f8b97f
7315D,Rustica,Millennium,#f3aa6d
7316N,Iron Orange,Millennium,#e18d4f
7320W,Flemish Lace,Millennium,#feeedb
7321W,Apricot Lily,Millennium,#ffe4c3
7322W,Petite Peach,Millennium,#ffd7a8
7323M,Peruvian Orange,Millennium,#ffc68d
7324D,Indian Turnip,Millennium,#ffb978
7325D,Diced Carrot,Millennium,#ffa865
7326A,Glazed Carrot,Millennium,#fd9652
7330W,Silky White,Millennium,#ffedd9
7331W,Peach Veil,Millennium,#ffe3c5
7332W,Peach Satin,Millennium,#ffd6b1
7333M,Endless Peach,Millennium,#ffc293
7334D,Orangeade,Millennium,#ffb47e
7335D,Golden Poppy,Millennium,#ffa36c
7336A,Tahitian Sun,Millennium,#f98e58
7340W,Ocean Shell,Millennium,#feede2
7341W,Coral Almond,Millennium,#ffe3cc
7342W,Apricot Nectar,Millennium,#ffcfb0
7343M,Salted Shrimp,Millennium,#ffba96
7344D,Shrimp Peel,Millennium,#ffae83
7345D,Fired Shrimp,Millennium,#fd9c71
7346A,Mikado,Millennium,#f5885c
7350W,Orange Charm,Millennium,#fdede3
7351W,Always Apricot,Millennium,#ffe6d4
7352W,Cayman Peach,Millennium,#ffd9c0
7353M,Peach Darling,Millennium,#ffc0a0
7354D,Orange Buff,Millennium,#ffa67d
7355A,Fiesta Fire,Millennium,#fb9064
7356N,Autumn Blaze,Millennium,#f57e58
7360W,Coral Sand,Millennium,#fcede5
7361W,Apricot Glove,Millennium,#ffdfcf
7362W,Malta Pink,Millennium,#ffd9c7
7363M,Peach Parfait,Millennium,#ffb79e
7364D,Coral Azalea,Millennium,#fc9f84
7365A,New Orange,Millennium,#f48767
7366N,Orange Flambe,Millennium,#e3694e
7370W,Angel Peach,Millennium,#fde9e2
7371W,Peach Opal,Millennium,#ffe2d7
7372W,Coral Haze,Millennium,#ffd4c9
7373M,Corallina,Millennium,#ffb5a5
7374D,Phoenix Sun,Millennium,#fa9883
7375A,Tangerine,Millennium,#d68936
7376N,Fired Orange,Millennium,#d95d4c
7380W,Creamy Pink,Millennium,#fcede9
7381W,Crushed Shell,Millennium,#ffded8
7382W,Granite Rose,Millennium,#ffd3cd
7383M,Coral Fantasy,Millennium,#feb1a9
7384D,Coral Gate,Millennium,#f39284
7385A,Coral Flower,Millennium,#ea7e70
7386N,Red Flare,Millennium,#cf5f56
7390W,April Blush,Millennium,#fcede9
7391W,Peaking Pink,Millennium,#ffe1df
7392W,Peach Bloom,Millennium,#ffd7d5
7393M,Camellia Pink,Millennium,#feb1ae
7394D,Peach Pink,Millennium,#f58f8b
7395A,Lobster Tail,Millennium,#ed7b75
7396N,Fire Princess,Millennium,#d3514e
7400W,Ceramic Pink,Millennium,#fde8e4
7401W,Melon Ice,Millennium,#fddfdd
7402W,Pink Crest,Millennium,#ffd3d4
7403M,Exquisite,Millennium,#ffafb6
7404D,Melon Shine,Millennium,#f68a92
7405A,Fire Pink,Millennium,#ee757a
7406N,Real Red,Millennium,#d74f57
7410W,Ballet,Millennium,#fbeff0
7411W,Pink Ribbon,Millennium,#ffdce4
7412W,Timeless Pink,Millennium,#ffd1dc
7413M,Priscilla Pink,Millennium,#fdabbf
7414D,Carnation Kiss,Millennium,#f7869d
7415A,Valentine,Millennium,#ec6b81
7416N,Chinese Pagoda,Millennium,#e15160
7420W,Pink Pomander,Millennium,#fce5eb
7421W,Romantic Lace,Millennium,#fedde6
7422W,Porcelain Pink,Millennium,#fed1de
7423M,Peony Petal,Millennium,#fcabc0
7424D,Strawberry Swirl,Millennium,#f2839f
7425A,Precious Rose,Millennium,#eb6e89
7426N,Zinnia Scarlet,Millennium,#d44b5e
7430W,Pink Icing,Millennium,#fbecf0
7431W,Ashley Pink,Millennium,#fcd9e5
7432W,Pink Crown,Millennium,#fccfdf
7433M,Rose Freeze,Millennium,#f3a6c4
7434D,Fashion Pink,Millennium,#e67ea2
7435A,Veronica,Millennium,#dc6a8e
7436N,Brilliant Pink,Millennium,#7c2335
7440W,Lillium,Millennium,#f9e5ec
7441W,Pink Tiara,Millennium,#f7d7e6
7442W,Angel Wing,Millennium,#f6cce1
7443M,Cerise Pink,Millennium,#eea5c6
7444D,Fuschia Flock,Millennium,#dd7aa5
7445A,Fuschia Kiss,Millennium,#d26691
7446N,Sizzling Pink,Millennium,#c35279
7450W,Trailing Pink,Millennium,#f8ecf1
7451W,Early Pink,Millennium,#f7d7e9
7452W,Pink Overlay,Millennium,#f4cae3
7453M,Cut Lavender,Millennium,#ebb3d4
7454D,Souvenir Rose,Millennium,#db81b3
7455A,Rose Luster,Millennium,#ca669a
7456N,Majestic Magenta,Millennium,#b94f7f
7460W,Rose Morn,Millennium,#f2e8eb
7461W,Island Dawn,Millennium,#eeddeb
7462W,Fresh Bud,Millennium,#e7cae3
7463M,Laurel Blossom,Millennium,#d3a3cb
7464D,Violet Cluster,Millennium,#c88ebb
7465D,Imperial Purple,Millennium,#b87bab
7466N,Royal Robe,Millennium,#9e5d89
7470W,Iced Orchid,Millennium,#ede1ee
7471W,Lavender Posy,Millennium,#e8d7ea
7472W,Orchid Scent,Millennium,#e0c9e2
7473M,Lavender Mist,Millennium,#c8a4ce
7474D,Salina Grape,Millennium,#bb90be
7475D,Wild Orchid,Millennium,#aa7eb0
7476N,Purplestone,Millennium,#895f8d
7960W,Embracing Lilac,Millennium,#e1e1e9
7961W,Spring Parasol,Millennium,#d3d2dc
7962W,Venice Lavender,Millennium,#c9c7d5
7963M,Slow Dancer,Millennium,#b7b4c5
7964M,Rhinestone,Millennium,#a09cb7
7965D,Prestige Purple,Millennium,#807f9c
7966A,Valhalla,Millennium,#686780
7970W,Sheer Lilac,Millennium,#e7e6f0
7971W,Canterbury Bell,Millennium,#d8d6e4
7972W,Crushed Heather,Millennium,#d0cbdf
7973M,Pretty Purple,Millennium,#b8b8d4
7974M,Purple Rain,Millennium,#a0a1c4
7975D,Stargazing Night,Millennium,#8080a9
7976N,Planetary Plume,Millennium,#616186
7980W,Iced Blue,Millennium,#dde2ed
7981W,Glacier Wall,Millennium,#d1d8e8
7982W,Blue Sash,Millennium,#c1cadf
7983M,Bracing Blue,Millennium,#b3bfdb
7984M,Tapestry Blue,Millennium,#98a9cb
7985D,Blue Border,Millennium,#7688b0
7986N,Indigo Night,Millennium,#556183
7990W,Pearl Violet,Millennium,#dfe6ee
7991W,Basin Blue,Millennium,#cdd6e5
7992W,Studio Blue,Millennium,#bfcce2
7993M,Perfect Blue,Millennium,#abbbd8
7994M,Ceremonial Blue,Millennium,#96abce
7995D,Valor Blue,Millennium,#718ab0
7996N,Twilight Zone,Millennium,#4c6082
8000W,Airland Blue,Millennium,#dbe3ed
8001W,Nimbus Blue,Millennium,#d1dce9
8002W,Floss Flower,Millennium,#bfcfe4
8003M,Blue Wainscot,Millennium,#a8beda
8004M,Blue Room,Millennium,#8babcf
8005D,Wilshire Blue,Millennium,#678bb3
8006N,Academy Blue,Millennium,#496a90
8010W,Blue Edge,Millennium,#d3e2ec
8011W,Corn Flower,Millennium,#c5d8e7
8012W,Jeffrey Blue,Millennium,#b6cee2
8013W,Blue Hat,Millennium,#98bbd8
8014M,Blue Surf,Millennium,#80a8c7
8015D,Water Works,Millennium,#5c8aad
8016N,Deep Waters,Millennium,#456a88
8020W,Tender Blue,Millennium,#dee9ef
8021W,Blue Waltz,Millennium,#d5e5ef
8022W,Cool Starlight,Millennium,#b8d5e5
8023M,Clear Sky,Millennium,#99c2d9
8024M,Capri Grotto,Millennium,#75aac9
8025D,Florentine Blue,Millennium,#4c8aab
8026N,Italian Tile,Millennium,#3b6c8a
8030W,Song Blue,Millennium,#d6e9ec
8031W,Bugle Blue,Millennium,#c4dfe9
8032W,High Flyer,Millennium,#b1d3e2
8033M,Sky Dive,Millennium,#96c3d8
8034M,Pacific Ocean,Millennium,#7bb5cf
8035D,Seaquest,Millennium,#3f91b0
8036N,Undersea Blue,Millennium,#2d6b84
8040W,Ice Cavern,Millennium,#d8ebee
8041W,Polar Blue,Millennium,#c7e1e9
8042W,Sweeping Blue,Millennium,#abd4e0
8043M,Beaux Blue,Millennium,#9ac3cf
8044M,Dutch Aqua,Millennium,#80b2c2
8045D,Ocean Depths,Millennium,#5891a3
8046N,Mutiny,Millennium,#3f6b79
8050W,Zenith Blue,Millennium,#dbebeb
8051W,Seadrifter,Millennium,#cfe7e9
8052W,West Keys,Millennium,#b2d7dd
8053M,Sea View,Millennium,#9bc8cd
8054M,Ocean Grove,Millennium,#83b7bf
8055D,Poseidon,Millennium,#52939d
8056N,Lost Atlantis,Millennium,#486e76
8060W,Retreat,Millennium,#d6eceb
8061W,Noonday Tide,Millennium,#cee5e5
8062W,Sea Silence,Millennium,#b5d7d9
8063M,Wayward Wind,Millennium,#9bc4c7
8064M,Cape Barran,Millennium,#83b4b7
8065D,Aqualogic,Millennium,#599094
8066A,Abyss,Millennium,#4d7376
8070W,Bermuda Shoal,Millennium,#dbefec
8071W,Cool Aqua,Millennium,#cbe6e3
8072W,Scuba,Millennium,#b4dada
8073M,Seabeck,Millennium,#98cbca
8074M,Sea Meadow,Millennium,#80bcbb
8075D,Aqua Sea,Millennium,#569695
8076A,Deep Teal,Millennium,#457d7b
8080W,Dissolving Blue,Millennium,#e4efeb
8081W,Blue Bauble,Millennium,#cfe1dd
8082W,Alaskan Jade,Millennium,#bfd9d3
8083M,Blue Ridge,Millennium,#a7cac2
8084M,Kentucky Grass,Millennium,#91bab3
8085D,India Green,Millennium,#6e978f
8086A,Green Wharf,Millennium,#5d7e77
8090W,Winter Whisper,Millennium,#e6f1e6
8091W,Drifting Green,Millennium,#d0e1db
8092W,Cool Comfort,Millennium,#c2d8d1
8093W,Teal Suede,Millennium,#b4cdc5
8094M,Himalaya,Millennium,#9ebab0
8095D,Cool Forest,Millennium,#809d91
8096N,Bering Green,Millennium,#637d72
8100W,Micro Mint,Millennium,#e2ede9
8101W,Green Sprinkle,Millennium,#d1e5de
8102W,Green Sweeps,Millennium,#c2d8d1
8103W,Sweet Grass,Millennium,#b2cdc5
8104M,Green Plaza,Millennium,#99bbb0
8105D,Acanthus Leaf,Millennium,#7c9e91
8106N,Caulfield Green,Millennium,#5a766b
8110W,Gentle Rain,Millennium,#e1eae2
8111W,Shy Green,Millennium,#cfe6db
8112W,Green Mist,Millennium,#bfddd1
8113M,Fragrant Spruce,Millennium,#a5cbb9
8114M,Vineleaf,Millennium,#8fbca7
8115D,Ivy Wreath,Millennium,#75a189
8116N,Casino Green,Millennium,#5b7963
8120W,Frosted Pine,Millennium,#e5f0e5
8121W,Garden Herb,Millennium,#d0e3d3
8122W,Light Jade,Millennium,#c7dfca
8123W,Chapparel Pea,Millennium,#b3cfb6
8124M,Green Terrace,Millennium,#9ec0a2
8125D,Water Hawthorne,Millennium,#7fa281
8126N,Racing Green,Millennium,#5f795d
8130W,Morning Dew,Millennium,#e5eadb
8131W,Night Hush,Millennium,#dae1ce
8132W,Lunar Green,Millennium,#cbd6c0
8133W,Green Knoll,Millennium,#becdb4
8134M,Glenhaven,Millennium,#aaba9c
8135D,Hollyhock,Millennium,#8f9f7e
8136N,Shaded Moss,Millennium,#6c7a5b
8140W,Misted Pollen,Millennium,#ecefde
8141W,Aviary,Millennium,#dae1ca
8142W,Bermuda Grass,Millennium,#d0d8bd
8143M,Grazing Field,Millennium,#cad1b1
8144M,Revere Green,Millennium,#bbc29f
8145D,Green Acre,Millennium,#9da67c
8146N,Green Gables,Millennium,#777e56
8150W,Scrimshaw,Millennium,#eae9da
8151W,Cut Hay,Millennium,#e4e2cc
8152W,Rock Cress,Millennium,#dcdbc0
8153M,Hiking Path,Millennium,#cdccae
8154M,Marshland,Millennium,#c2c19c
8155D,Ozark Green,Millennium,#a3a176
8156N,Florida Palm,Millennium,#7e7c56
8160W,White Leek,Millennium,#e6e3d3
8161W,Sulphur Springs,Millennium,#e0ddc7
8162W,Omar,Millennium,#d7d5bd
8163W,Olive Branch,Millennium,#cec9ac
8164M,Gumleaf,Millennium,#bcb596
8165D,Antique Pine,Millennium,#a49d79
8166N,Hawthorne Valley,Millennium,#7b765a
8170W,Owl Wing,Millennium,#ece8dd
8171W,Olive Fog,Millennium,#ddd7c5
8172W,Shire Fields,Millennium,#d6cfbc
8173M,Herbivore,Millennium,#cac3ac
8174M,Fenland,Millennium,#bcb49c
8175D,Wild Grasses,Millennium,#9a9277
8176N,Pinon Green,Millennium,#746e58
8180W,Almond White,Millennium,#ece5d8
8181W,Maison Blanche,Millennium,#dfd6c5
8182W,Candlebark,Millennium,#d9ceba
8183M,Saltbush,Millennium,#cfc4ad
8184M,Moselle,Millennium,#c3b79a
8185D,Ardmore Green,Millennium,#a49778
8186N,Scrubgum Green,Millennium,#7e7157
8190W,Impressive Ivory,Millennium,#f2eadb
8191W,Madonna Lily,Millennium,#e6dbc3
8192W,Graceful Gold,Millennium,#dfd1b3
8193M,Winter Garden,Millennium,#dbccac
8194M,Capertree,Millennium,#cebd98
8195D,Eddystone,Millennium,#af9d74
8196N,Wood Sorrel,Millennium,#8f7e5a
8200W,Bleached Sand,Millennium,#efe5d2
8201W,Burma Buff,Millennium,#e9ddc7
8202W,Coast Pointe,Millennium,#e3d3b5
8203M,Gobi Beige,Millennium,#dfcdae
8204M,Spice Bounty,Millennium,#d1bc97
8205D,Brass Bucket,Millennium,#bca377
8206N,Tarrytown,Millennium,#9f8961
8210W,Whispering Birch,Millennium,#f8f2e5
8211W,Sandy Lane,Millennium,#eee2cc
8212W,Millet,Millennium,#e9d7bb
8213M,Plantation Beige,Millennium,#e4d0af
8214M,Tobacco Road,Millennium,#d9c198
8215D,Tattersall Brown,Millennium,#c3aa83
8216N,Dried Tobacco,Millennium,#a1845b
8220W,Hayseed,Millennium,#f0e7da
8221W,Botany Beige,Millennium,#e6dbca
8222W,Desert Fawn,Millennium,#e3d5c2
8223M,Sienna Sand,Millennium,#dcc7ad
8224M,Balsam Bark,Millennium,#cbb595
8225D,Autumn Wheat,Millennium,#b39975
8226N,October Oak,Millennium,#9b805b
8230W,Sunbaked Sand,Millennium,#f7ebdf
8231W,Sawyer's Fence,Millennium,#e9dac9
8232W,Lulled Beige,Millennium,#e1d0ba
8233M,Crisp Khaki,Millennium,#d6c0a6
8234M,Daplin,Millennium,#cdb699
8235D,Brush Box,Millennium,#b29574
8236N,Gumnut,Millennium,#987a5a
8240W,Windrift,Millennium,#f9ebdb
8241W,Tenderfoot,Millennium,#e5cdad
8242W,Northern Plains,Millennium,#e7cab0
8243M,Amber Waves,Millennium,#debe9f
8244D,Copper Springs,Millennium,#cda681
8245A,Ochre Rust,Millennium,#b38a66
8246N,Queensland Walnut,Millennium,#9c7455
8250W,Ivory Sampler,Millennium,#f7e9dd
8251W,Plaza Buff,Millennium,#ebd5c6
8252W,Strata Light,Millennium,#e5cab7
8253M,Swept Plains,Millennium,#dbbba4
8254M,Cinnamon Spice,Millennium,#cca98e
8255D,Jamocha,Millennium,#b48d71
8256N,Sweet Earth,Millennium,#997157
8260W,Pavilion,Millennium,#f1e0d1
8261W,Traditional Tan,Millennium,#eed8c5
8262W,Peanut Shell,Millennium,#e5cbb3
8263M,Deerfield,Millennium,#dbb59a
8264D,Tucson Clay,Millennium,#cca384
8265A,Basque Brown,Millennium,#b18367
8266N,Brazilian Brown,Millennium,#9c7054
8270W,Renoir Bisque,Millennium,#f0e4db
8271W,Palacio,Millennium,#efd7ca
8272W,La Mesa,Millennium,#e6cab8
8273M,Spiced Cognac,Millennium,#dcb7a3
8274M,Festoon,Millennium,#cb9e88
8275D,Round-up,Millennium,#b5856e
8276A,Mesquite Canyon,Millennium,#a6735e
8280W,Sand Motif,Millennium,#f4e9e2
8281W,Pink Mocha,Millennium,#ecd8cc
8282W,Nutmeat,Millennium,#e2cabc
8283W,Indian Painting,Millennium,#d1b3a3
8284D,Falling Leaf,Millennium,#ba9480
8285A,Monk's Hood,Millennium,#a27b67
8286N,Burntside,Millennium,#8e6855
8290W,Water Chestnut,Millennium,#f1e6df
8291W,Mallow,Millennium,#efddd4
8292W,Coral Brown,Millennium,#ddc5ba
8293M,Clove Dust,Millennium,#d4b6a9
8294M,Red Dust,Millennium,#bf9b8d
8295D,Copper Nail,Millennium,#a68070
8296N,Treasure Chest,Millennium,#866051
8300W,Nomadic Ivory,Millennium,#ede1d8
8301W,Bedouin Beige,Millennium,#e7d9d1
8302W,Mineral Mauve,Millennium,#dbccc3
8303W,Lapstone,Millennium,#cab5aa
8304M,Washed Suede,Millennium,#b59c8f
8305D,Jericho Brown,Millennium,#9c8173
8306N,Alcazar Brown,Millennium,#7e6658
8310W,Pink Reed,Millennium,#e7d9d1
8311W,Ambient Sound,Millennium,#ded1cb
8312W,Misted Beige,Millennium,#d6c4bc
8313M,Cast Pebble,Millennium,#c3aea5
8314M,Slivered Bark,Millennium,#b39c92
8315D,Ravenwood,Millennium,#937a6f
8316N,Black Burgundy,Millennium,#786159
8320W,Thin Pink,Millennium,#f2e5e1
8321W,Quiet Alcove,Millennium,#e5d3ce
8322W,Auburn Sand,Millennium,#dcc4bf
8323M,Pancho Brown,Millennium,#cbada7
8324M,Smooth Brown,Millennium,#b9968e
8325D,Timber Tan,Millennium,#a07b72
8326N,Brick Shadow,Millennium,#856156
8330W,Sachet Rose,Millennium,#f1e3dd
8331W,Mauve Blush,Millennium,#e9d5cd
8332W,Spice Beige,Millennium,#e3c9c1
8333M,Incense,Millennium,#d4b1a7
8334M,Taupe Rose,Millennium,#c8a297
8335D,Terrawood,Millennium,#ab7d72
8336N,Bavarian Chalet,Millennium,#8a6154
8340W,Pale Coral,Millennium,#f5e5df
8341W,Prairie Tan,Millennium,#ebd1cb
8342W,Sanibel Sunset,Millennium,#e3c3ba
8343M,Condo Coral,Millennium,#d3a99e
8344M,Sante Fe Brown,Millennium,#c29387
8345D,Western Cedar,Millennium,#a6796e
8346N,Taiga,Millennium,#8a5e51
8350W,Miami Sand,Millennium,#f2dfd8
8351W,Tan Blush,Millennium,#efd3cb
8352W,Beaux Beige,Millennium,#eac7be
8353M,Fire Haze,Millennium,#dcafa3
8354M,Parched Earth,Millennium,#cc9a8d
8355D,Burnt Copper,Millennium,#b47e6f
8356N,Mackay Cedar,Millennium,#966051
8360W,Bubble Bath,Millennium,#efddd8
8361W,Baby Bouquet,Millennium,#e9cec8
8362W,Franciscan Pink,Millennium,#e1c0ba
8363M,Cinnabar,Millennium,#d1a9a2
8364M,Olde Town,Millennium,#c3968f
8365D,Colonial Brown,Millennium,#a57269
8366N,Heartwood,Millennium,#8c5d53
8370W,Novette,Millennium,#fae6e4
8371W,Ancient Pink,Millennium,#ecd0ce
8372W,Cinnaswirl,Millennium,#e6c1be
8373M,Norman Rose,Millennium,#d9aead
8374M,Forest Berry,Millennium,#c69796
8375D,Ruby River,Millennium,#aa7673
8376N,Deep Henna,Millennium,#8e5e59
8380W,Pink Shadow,Millennium,#f2e2e0
8381W,Rosewater,Millennium,#ead1ce
8382W,Victorian Heath,Millennium,#e4c6c4
8383M,Melodious Mauve,Millennium,#d5b4b2
8384M,Broadmoor Rose,Millennium,#c49c9a
8385D,Brick Rose,Millennium,#ad807b
8386N,Winestain,Millennium,#8e625d
8390W,Rose Pearl,Millennium,#f9ecf0
8391W,Fragile Pink,Millennium,#e9d0d3
8392W,Fetching Pink,Millennium,#e2c1c5
8393M,Rose Areys,Millennium,#d5adb0
8394M,Montrose,Millennium,#c8999e
8395D,Monterey Rose,Millennium,#a47476
8396N,Cedar Rose,Millennium,#875b58
8400W,Sunset Snow,Millennium,#f9dfe2
8401W,Strawberry Cream,Millennium,#eed1d7
8402W,Pinkwater,Millennium,#e9c5cd
8403M,Moon Rose,Millennium,#ddb0b9
8404M,Wine Cordial,Millennium,#cc96a3
8405D,Red Valerian,Millennium,#b37782
8406N,Red Jarrah,Millennium,#7f3e37
8410W,Pink Gown,Millennium,#f2e8eb
8411W,Debutante Pink,Millennium,#ebd6dd
8412W,Satin Lining,Millennium,#e2c7d2
8413M,Marjory Phlox,Millennium,#d2aebe
8414M,Wineberry,Millennium,#caa0b1
8415D,Rich Plum,Millennium,#a17688
8416N,Royal Garnet,Millennium,#7e575c
8420W,Tranquility,Millennium,#eae4e7
8421W,Meadow Sweet,Millennium,#e7d6e1
8422W,Violet Fluff,Millennium,#deccd8
8423M,Fading Amethyst,Millennium,#d0b6c6
8424M,Viola Satin,Millennium,#c3a6b9
8425D,Exotic Bloom,Millennium,#9f8196
8426N,Purple Empire,Millennium,#6a5662
8430W,Plum Light,Millennium,#f0e9eb
8431W,Dusted Violet,Millennium,#e6dadf
8432W,Odyssey Orchid,Millennium,#decfd7
8433M,Plum Vine,Millennium,#cebbc6
8434M,Moss Phlox,Millennium,#c0a8b4
8435D,Blackberry Wine,Millennium,#9b8391
8436N,Abundant Wine,Millennium,#715b65
8440W,First Light,Millennium,#dfe0e5
8441W,Purple Pearl,Millennium,#d7dce8
8442W,Moon Violet,Millennium,#d3d5de
8443M,Tribute,Millennium,#b1b5c5
8444M,Illusive Lilac,Millennium,#999cae
8445D,Violet Kohl,Millennium,#797d90
8446N,Purple Fable,Millennium,#5e606f
8450W,Twi-night,Millennium,#dde0e7
8451W,Violet Dimensions,Millennium,#d1d6e0
8452W,Aragon Violet,Millennium,#c3c9d7
8453W,Cinder Grey,Millennium,#b4bdcc
8454M,Smoky Mountain,Millennium,#98a2b4
8455D,Old Amethyst,Millennium,#757e91
8456A,Odyssey Blue,Millennium,#5e6576
8460W,Violet Cherub,Millennium,#dde3e9
8461W,Soft Ballad,Millennium,#d4dce5
8462W,Brushed Blue,Millennium,#c1ccdd
8463M,Moonless Morn,Millennium,#b0bbcf
8464M,Paris Evening,Millennium,#97a4bd
8465D,Indigo Violet,Millennium,#6e809e
8466N,Night Magic,Millennium,#55627b
8470W,Diamond Minuet,Millennium,#d9e1e7
8471W,Silk Whisper,Millennium,#cfd9e2
8472W,Handsome Blue,Millennium,#c1cfdd
8473M,Toccata,Millennium,#a9bac9
8474M,Autumn Evening,Millennium,#95a8ba
8475D,Cavalier,Millennium,#6d8196
8476N,Symphony Blue,Millennium,#576679
8480W,Fluid Blue,Millennium,#dee6ec
8481W,Lingering Blue,Millennium,#cdd9e4
8482W,Blue Visage,Millennium,#bdd0df
8483M,Antioch Blue,Millennium,#a3bbce
8484M,Huckleberry,Millennium,#93acc2
8485D,Napole贸n,Millennium,#6b87a2
8486N,Beethoven Blue,Millennium,#546981
8490W,Divine,Millennium,#e0e9ec
8491W,Domicile Blue,Millennium,#cddde5
8492W,Young Cadet,Millennium,#bacfdb
8493M,Endicott Bay,Millennium,#9fbac8
8494M,Rebel Blue,Millennium,#8aa8ba
8495D,Twain Blue,Millennium,#628196
8496A,Dark Quest,Millennium,#506879
8500W,Windstar,Millennium,#e1e9eb
8501W,Blue Frost,Millennium,#cedae1
8502W,Dawn Wonder,Millennium,#bccbd5
8503M,Faded Jeans,Millennium,#a2b6c2
8504M,Pottery Blue,Millennium,#8da5b4
8505D,Bluecoat,Millennium,#657e8e
8506A,Valley Forge Blue,Millennium,#536876
8510W,Clean Vapor,Millennium,#dee3e6
8511W,Snowcloud,Millennium,#cdd8dd
8512W,Hidden Brook,Millennium,#bfcbd2
8513M,Still Creek,Millennium,#a7b5bf
8514M,Grey Blue,Millennium,#92a2ad
8515D,Thunder Gray,Millennium,#6c7d89
8516A,Temptress,Millennium,#59646e
8520W,Glamour Gray,Millennium,#dfe3e4
8521W,Halation,Millennium,#d4d9dc
8522W,Gray Dignity,Millennium,#c2c8cc
8523M,Downing Slate,Millennium,#abb2b8
8524M,Vanderbilt Gray,Millennium,#959ea5
8525D,Rock Garden,Millennium,#6f787f
8526A,Dark Colossus,Millennium,#5c6269
8530W,Blizzard White,Millennium,#e2e3e1
8531W,Lombardy Mist,Millennium,#d8dcdd
8532W,Light Showers,Millennium,#c1c5c6
8533M,Summer Fog,Millennium,#adb5b7
8534M,Solid Gray,Millennium,#9ba1a5
8535D,Wayfarer Gray,Millennium,#747d80
8536N,Blackmar,Millennium,#585d5f
8540W,Windstream,Millennium,#dde4e4
8541W,Minimal Gray,Millennium,#d2dadc
8542W,Lido Bay,Millennium,#bbc6cb
8543M,Frosted Denim,Millennium,#a6b0b5
8544M,Blue Comet,Millennium,#939fa5
8545D,Quasar Blue,Millennium,#6e7880
8546N,Sable Night,Millennium,#565d62
8550W,Refined Blue,Millennium,#d7dfe1
8551W,Crackling Blue,Millennium,#cfd8db
8552W,Blue Of January,Millennium,#becbd0
8553M,Myth Gray,Millennium,#a7b6bc
8554M,Rising Smoke,Millennium,#93a5ac
8555D,Alden Charcoal,Millennium,#6f7e85
8556A,Peking Blue,Millennium,#58656b
8560W,Moon River,Millennium,#e0e9e9
8561W,Blue Emblem,Millennium,#cad9db
8562W,Impressionist Sky,Millennium,#bdcfd3
8563M,Gorse Blue,Millennium,#a4babf
8564M,Old Blue Sea,Millennium,#8ca6ac
8565D,Winter Sea,Millennium,#698287
8566N,Night Sail,Millennium,#4f6266
8570W,Aqua Pura,Millennium,#e3e9e6
8571W,Rushing River,Millennium,#d3dedb
8572W,San Fran Fog,Millennium,#bdcccc
8573M,Snug Harbor,Millennium,#a7bbb8
8574M,Fog Buoy,Millennium,#93a9aa
8575D,Bay Bridge,Millennium,#6f8485
8576N,Briny Deep,Millennium,#5a6969
8580W,Gray Etching,Millennium,#dbe2de
8581W,Designer Gray,Millennium,#d3dad6
8582W,Terrazzo Gray,Millennium,#c7cec9
8583W,Gray Nuance,Millennium,#bac3be
8584M,Grey Expectations,Millennium,#9ca8a3
8585D,Smokebush,Millennium,#7a827f
8586A,Metropolis,Millennium,#646c69
8590W,Seed Pearl,Millennium,#e3e9e6
8591W,Salt Water,Millennium,#cdd9d4
8592W,Seahawk,Millennium,#becdc7
8593M,Bayou Waters,Millennium,#b1bfb9
8594M,Mystic Green,Millennium,#96a9a3
8595D,Elm Court,Millennium,#788a84
8596N,Olympic Pine,Millennium,#5d6963
8600W,Glass Block,Millennium,#dfe4df
8601W,Metropolitan Gray,Millennium,#d6ddd8
8602W,Green Granule,Millennium,#cad0c9
8603M,Gray Nut,Millennium,#b4bfb5
8604M,Victoria Falls,Millennium,#a0aea5
8605D,English Pine,Millennium,#7c8981
8606N,Spruce Island,Millennium,#5c645d
8610W,Garden Light,Millennium,#e0e4dd
8611W,Rainforest Dew,Millennium,#d8ddd4
8612W,Silver Sage,Millennium,#ccd4ca
8613M,Shenandoah,Millennium,#b8c0b3
8614M,Shade Tree,Millennium,#a3b0a2
8615D,Peppercorn,Millennium,#838e7f
8616N,Clermont Green,Millennium,#646e61
8620W,Limpet Shell,Millennium,#e3e3df
8621W,Chromox Green,Millennium,#d7d9d5
8622W,Lunar Stone,Millennium,#d1d5ce
8623M,Silent Path,Millennium,#b8bdb5
8624M,Steeple Gray,Millennium,#a7aca3
8625D,Shipyard,Millennium,#84887e
8626N,Wilderness Green,Millennium,#686a61
8630W,Prism White,Millennium,#e3e3df
8631W,European Gray,Millennium,#dcdcd8
8632W,Timeless Gray,Millennium,#cecfc9
8633W,Smoky Candle,Millennium,#c2c3bd
8634M,Dusty Miller,Millennium,#a9aba5
8635D,Mansard Stone,Millennium,#86877f
8636N,Old Porch,Millennium,#64645d
8640W,Creative White,Millennium,#ebebe7
8641W,Tradewind,Millennium,#ddded8
8642W,Foggy London,Millennium,#d2d2ca
8643M,Tram Gray,Millennium,#bcbcb5
8644M,Seal Beach,Millennium,#ababa2
8645D,Greylock,Millennium,#87877c
8646N,Blackened Beam,Millennium,#66645a
8650W,Paraffin,Millennium,#ebe8df
8651W,Canvasback,Millennium,#e0ded3
8652W,Whippoorwill,Millennium,#d5d2c5
8653M,Stone Lion,Millennium,#c5c1b3
8654M,Elkhorn Cactus,Millennium,#b3afa1
8655D,Pinedale,Millennium,#8e8b7c
8656N,Greek Olive,Millennium,#6d695c
8660W,Grecian Ivory,Millennium,#ebe8df
8661W,Light Almond,Millennium,#e0dbd1
8662W,Jogging Path,Millennium,#d6d1c7
8663W,Rugged Trail,Millennium,#cbc4b7
8664M,Backpack,Millennium,#b3ac9d
8665D,Gristmill,Millennium,#8f8878
8666N,Potting Shed,Millennium,#6c6658
8670W,Walrus Tusk,Millennium,#ebe5d9
8671W,Burbury Beige,Millennium,#e7e0d3
8672W,Tequila,Millennium,#ded6c7
8673M,Tavern Taupe,Millennium,#ccbfac
8674M,Muddy River,Millennium,#beb19c
8675D,Wooden Oar,Millennium,#9d8e77
8676N,Turned Earth,Millennium,#7c6e5c
8680W,Aria Ivory,Millennium,#ebe5dd
8681W,Artist's Canvas,Millennium,#e2dbd1
8682W,Estate Greige,Millennium,#dad1c4
8683W,Tinderbox,Millennium,#cec4b5
8684M,Oak Flats,Millennium,#baae9d
8685D,Woodlet,Millennium,#9a8b78
8686N,Northwest Trail,Millennium,#7c6e5c
8690W,Snow Ballet,Millennium,#eeede7
8691W,City Loft,Millennium,#e3ddd5
8692W,Bauhaus Buff,Millennium,#d9d1c5
8693M,Stucco Greige,Millennium,#c4bbae
8694M,Wood Cut,Millennium,#b5ab9d
8695D,Thatch Roof,Millennium,#958a79
8696N,Twisted Branch,Millennium,#74695d
8700W,Powdering Snow,Millennium,#f0ece7
8701W,Softly Chiming,Millennium,#e5e0d9
8702W,Beige Pediment,Millennium,#d5cec4
8703M,Rockbridge,Millennium,#ccc1b7
8704D,Stratford Brown,Millennium,#b5a99b
8705D,Barn Rafter,Millennium,#928478
8706N,Saddlebury,Millennium,#746960
8710W,Discovery,Millennium,#eae5df
8711W,Misty Mica,Millennium,#e2dbd1
8712W,Mushroom Basket,Millennium,#d9cdc1
8713W,Kindling Wood,Millennium,#cbbfb3
8714M,Wildcat,Millennium,#b6a99a
8715D,Moose Point,Millennium,#958676
8716N,Western Reserve,Millennium,#74675a
8720W,Pongee Tint,Millennium,#f0e6dd
8721W,Clay Beige,Millennium,#e7dacc
8722W,Desert Castle,Millennium,#e0d2c2
8723M,Desert Tumbleweed,Millennium,#d7c5b3
8724M,Meadowlark,Millennium,#c5b19c
8725A,Coach House,Millennium,#9c846f
8726N,Mocha Brown,Millennium,#806958
8730W,Loggia,Millennium,#f3e9e0
8731W,Staghorn,Millennium,#e4d4c7
8732W,Frontier Tan,Millennium,#d7c7b8
8733M,Walnut Wash,Millennium,#cab6a5
8734M,Bark Mulch,Millennium,#bba795
8735D,Wild Country,Millennium,#9e8773
8736N,Little Bighorn,Millennium,#856e5c
8740W,Barrister White,Millennium,#eee4db
8741W,Historic Tan,Millennium,#dfd1c7
8742W,Brickdust,Millennium,#d8c7ba
8743M,Polished Oak,Millennium,#c5b0a2
8744D,Sweetwood,Millennium,#b69e8f
8745A,Kayak Brown,Millennium,#997e6f
8746N,Timber Trail,Millennium,#745e51
8750W,Swiss Almond,Millennium,#ece4df
8751W,Alencon Lace,Millennium,#ded2c9
8752W,Stonehenge Shadow,Millennium,#d6cbc2
8753M,Cornico Beige,Millennium,#c4b4a9
8754D,Tomorrow's Taupe,Millennium,#b5a297
8755A,Spicenut,Millennium,#947f74
8756N,Cordwood,Millennium,#6f5f56
8760W,Gray Ashlar,Millennium,#e5e0d9
8761W,Kennet Square,Millennium,#dfd7d1
8762W,Touchstone,Millennium,#d3cbc5
8763M,Pewter Works,Millennium,#beb6ae
8764M,Lava Rock,Millennium,#afa69d
8765D,Beaver Creek,Millennium,#867d75
8766N,Caribou,Millennium,#72675e
8770W,Silver Slipper,Millennium,#e5e6e4
8771W,Silver Shimmer,Millennium,#dbd8d5
8772W,Siberian Ice,Millennium,#cdcccb
8773M,Dauphin Gray,Millennium,#bab6b2
8774M,Tankard,Millennium,#a5a29d
8775D,Metal Shavings,Millennium,#84807a
8776N,Blacksmith,Millennium,#66615d
8780W,Crystal Ball,Millennium,#eae7e4
8781W,Silver Chime,Millennium,#dcdcdc
8782W,Sterling Coin,Millennium,#d2d1d0
8783M,Stonewall,Millennium,#b6b7b5
8784D,Blackthorn,Millennium,#9e9e9a
8785A,Iron Horse,Millennium,#797976
8786N,Black Finish,Millennium,#555452
8790W,Intercoastal Gray,Millennium,#e4e0db
8791W,Gray Pennant,Millennium,#d4d3d2
8792W,Monorail Silver,Millennium,#c8c7c6
8793M,Grey Cliff,Millennium,#b2aead
8794M,Fired Steel,Millennium,#9e9d9c
8795D,Magnet,Millennium,#7a7977
8796N,Black Metal,Millennium,#5a5855
8800W,Portico,Millennium,#e1e0df
8801W,Studio Gray,Millennium,#d4d3d2
8802W,Threshold Gray,Millennium,#c9c7c4
8803M,Olde Fashion,Millennium,#b6b3b0
8804M,Pavestone,Millennium,#a4a29f
8805D,Stonington,Millennium,#837e7a
8806N,Tudor House,Millennium,#635e5a
8810W,Silver Seed,Millennium,#e3e0df
8811W,Daytona Gray,Millennium,#dcd5d1
8812W,Deville,Millennium,#d0cbc9
8813W,Stone Cistern,Millennium,#c2bab6
8814M,Brindel,Millennium,#a69f9d
8815D,Cultivated Fields,Millennium,#877c78
8816N,Burnt Hickory,Millennium,#6c615d
8820W,Cassis Ice,Millennium,#e7dfd9
8821W,Mogul Mauve,Millennium,#ded5d0
8822W,Smoked Glass,Millennium,#cfc6c1
8823W,Warm Shadows,Millennium,#c3b6b0
8824M,Stone Freize,Millennium,#ab9e98
8825D,Jacaranda Brown,Millennium,#887972
8826N,Manganese,Millennium,#72635d
8830W,Post Modern White,Millennium,#e3dcda
8831W,Bohemian Tint,Millennium,#dcd1ce
8832W,Hourglass,Millennium,#d2c5c2
8833M,Canberra,Millennium,#bfaeab
8834M,Faux Marble,Millennium,#ae9d98
8835D,Pawnee,Millennium,#8d7773
8836A,Wagon Wheel,Millennium,#796762
8840W,Rosevale,Millennium,#e9e1df
8841W,Sugar Blush,Millennium,#ded0ce
8842W,Retro Rose,Millennium,#d4c4c2
8843M,Shallow Root,Millennium,#beaba8
8844M,Brown Bark,Millennium,#af9996
8845D,Colony Brick,Millennium,#8e7773
8846N,Bernard Brown,Millennium,#735d56
8850W,Blackberry Ice,Millennium,#e2dcdc
8851W,Motif Mauve,Millennium,#d9d1d3
8852W,Medieval Mauve,Millennium,#cfc5c7
8853M,Grey Heather,Millennium,#baa8a7
8854M,Drifting Spirit,Millennium,#a59596
8855D,Cranbrook,Millennium,#867373
8856N,Badlands,Millennium,#6f5e5a
8860W,Silver Mink,Millennium,#ebe7e6
8861W,Icon Gray,Millennium,#dfdddd
8862W,Cliffside,Millennium,#d7d2d3
8863M,Gray Archive,Millennium,#b4adaf
8864D,Philosophical Gray,Millennium,#a19a9c
8865D,Zodiac Gray,Millennium,#90898b
8866A,Curtain Call,Millennium,#756e70
8870W,Fanlight,Millennium,#eeeced
8871W,Classical Mauve,Millennium,#e0d6d8
8872W,Mauvedust,Millennium,#d5c6c9
8873M,Sassy Mauve,Millennium,#c1afb2
8874M,Plum Illusion,Millennium,#b5a0a5
8875D,Pigeon Isle,Millennium,#8f797c
8876N,Spiced Plum,Millennium,#725d5c
8880W,Bashful,Millennium,#e9dedf
8881W,Charlotte Rose,Millennium,#e0d2d5
8882W,Mauvelous,Millennium,#dcc9ce
8883M,Country Berry,Millennium,#c6adb4
8884M,Moonstone Mauve,Millennium,#b19aa5
8885D,Velvet Maroon,Millennium,#95777a
8886N,Best Burgundy,Millennium,#735958
8890W,Angel Flutter,Millennium,#e8e0e2
8891W,Pinkish Plum,Millennium,#dfd6da
8892W,Heather Ashes,Millennium,#d5c9ce
8893M,Mauve Silk,Millennium,#c4b4ba
8894M,Smoked Mauve,Millennium,#b0a1a8
8895D,Aged Plum,Millennium,#8d7c82
8896N,Black Bordeaux,Millennium,#6f5f64
8900W,Lavender Bouquet,Millennium,#eae6e9
8901W,Lavender Design,Millennium,#ded5dd
8902W,Secret Lilac,Millennium,#d3c9d3
8903W,Violet Villa,Millennium,#c5b9c6
8904M,Lilac Memento,Millennium,#afa3b1
8905D,Glorious Plum,Millennium,#8c7e8d
8906N,Purple Honor,Millennium,#675b65
8910W,Etude Lilac,Millennium,#e4e1e6
8911W,Pale Thistle,Millennium,#d9d7dd
8912W,Pale Amethyst,Millennium,#cccdd7
8913W,Vogue Violet,Millennium,#c3beca
8914M,Grape Harvest,Millennium,#aba3b4
8915D,Crushed Violets,Millennium,#867c8d
8916N,Purple Vignette,Millennium,#68606e
AC073N,Purple Spectacle,Millennium,#60547a
AC074N,Nocturne,Millennium,#505076
AC075N,Galaxy Blue,Millennium,#454c6e
AC076N,Harbour Blue,Millennium,#325587
AC077N,Rendevous Blue,Millennium,#394c75
AC078N,Dark Batik,Millennium,#445271
AC079N,Blue Brilliance,Millennium,#0072b3
AC080N,Delphinium,Millennium,#266094
AC081N,Ship's Ahoy,Millennium,#205785
AC082N,Coastal Shores,Millennium,#006ca2
AC083N,Incan Sapphire,Millennium,#2f5c87
AC084N,Night Navy,Millennium,#465772
AC085N,Tropical Surf,Millennium,#5678a3
AC086N,Teal Edge,Millennium,#006a7d
AC087N,Architectural Teal,Millennium,#2a677b
AC088N,Ocean Reef,Millennium,#008883
AC089N,Green Luster,Millennium,#007c72
AC090N,Rainforest Teal,Millennium,#216469
AC091N,Earthbound Green,Millennium,#445c5b
AC092N,Strong Hunter,Millennium,#3a5e5a
AC093N,Alligator,Millennium,#425455
AC094N,Holiday Green,Millennium,#366360
AC095N,Green Ideal,Millennium,#00846f
AC096N,Golfing Green,Millennium,#1d866b
AC097N,Kryptonite,Millennium,#509859
AC098N,Java Green,Millennium,#009f5e
AC099N,Dragonfly,Millennium,#2a9868
AC100N,Emeraude,Millennium,#2b7e5e
AC101N,New Meadow,Millennium,#487459
AC102N,Raintree,Millennium,#3d675a
AC103Y,Sun Coast,Millennium,#ffcf1e
AC104Y,Southern Phoenix,Millennium,#f5bf2f
AC105Y,Sunbury,Millennium,#ffdc00
AC106Y,El Sol,Millennium,#ffbc26
AC107Y,Orange Fiesta,Millennium,#ffa03f
AC108Y,Serengeti Sun,Millennium,#f2824f
AC109Y,Mandarin Melody,Millennium,#ee735a
AC110N,Fireking Red,Millennium,#d7504f
AC111R,Arresting Red,Millennium,#d1424e
AC112N,Firebush,Millennium,#cc685a
AC113N,Spiced Rum,Millennium,#a85c51
AC114N,Robust Red,Millennium,#7d4e4d
AC115N,Tomatillo,Millennium,#af5558
AC116N,Roasted Pepper,Millennium,#9e4c4e
AC117N,French Red,Millennium,#8b5357
AC118R,Red Alert,Millennium,#c63b47
AC119R,Sizzling Haute,Millennium,#b43b44
AC120R,Wright Red,Millennium,#c24056
AC121R,Ruby Red,Millennium,#bc475a
AC122N,Watermelon Crush,Millennium,#b64b69
AC123N,Velvet Rose,Millennium,#a03c56
AC124N,Shocking Fuschia,Millennium,#b74c78
AC125N,Berry Inspiration,Millennium,#af456d
AC126N,New Berry,Millennium,#a4506b
AC127N,Cherry Rose,Millennium,#94515e
AC128N,Rich Burgundy,Millennium,#894c59
AC129N,Pompadour,Millennium,#784e5a
AC130N,Rose Bouquet,Millennium,#90506e
AC131N,Cassis,Millennium,#844f70
AC132N,Purple Opulence,Millennium,#7f566e
AC133N,Royal Crest,Millennium,#855a85
AC134N,Wild Lilac,Millennium,#7e5e83
AC135N,Purple Elegance,Millennium,#6d4d66
AC136N,Regal Purple,Millennium,#624f60
AC137N,Plumberry,Millennium,#684e59
AC138N,Plummit,Millennium,#5e4c56
AC139N,Aubergine,Millennium,#594c52
AC140N,Mission Brown,Millennium,#5a5251
AC141N,Domino,Millennium,#464b4d
AC142N,Purple Jazz,Millennium,#4c4a5d
AC143N,Night Mission,Millennium,#444b61
AC144N,Black Deco,Millennium,#4a4a4a
7480W,Demure,Millennium,#e7e5f0
7481W,Violet Dust,Millennium,#e2dae8
7482W,Early Purple,Millennium,#d8cfe3
7483M,Violet Petal,Millennium,#c7b6d3
7484M,Wild Iris,Millennium,#b29ec1
7485D,Violet Bouquet,Millennium,#9381a9
7486N,Prophetic Purple,Millennium,#726081
7490W,Faded Lilac,Millennium,#e6e3f0
7491W,Lilac Lace,Millennium,#ddd8e9
7492W,Lilac Sachet,Millennium,#d2cbe1
7493M,Pastoral Purple,Millennium,#bfb8d8
7494M,Monet's Purple,Millennium,#aba6cb
7495D,Princely Purple,Millennium,#8885b4
7496N,Ruling Royalty,Millennium,#615b83
7500W,Light Lilac,Millennium,#e5e4ee
7501W,Violet Charm,Millennium,#dddbe9
7502W,Lyric Iris,Millennium,#d1cee2
7503M,Purple Aster,Millennium,#beb9d5
7504M,Sparkling Grape,Millennium,#a5a7cd
7505D,Night Shade,Millennium,#8484b4
7506N,Deep Purple,Millennium,#5b5c84
7510W,Snowlight,Millennium,#e3e7f0
7511W,Pastel Periwinkle,Millennium,#d4dbeb
7512W,Periwinkle Promise,Millennium,#c4cae4
7513W,Autumn Blue,Millennium,#b1bfe0
7514M,Sedona Shadow,Millennium,#95a4ce
7515D,Mysteria,Millennium,#7e8dbc
7516N,Pharaoh's Blue,Millennium,#55618f
7520W,Blue Dash,Millennium,#e5ebf0
7521W,River Run Blue,Millennium,#d0dceb
7522W,Fantasia Blue,Millennium,#c2d2e7
7523M,Blue Hills,Millennium,#a5bbdd
7524M,Wonder Blue,Millennium,#93a9cf
7525D,Diva Blue,Millennium,#6a89b7
7526N,Enchanted Blue,Millennium,#475a81
7530W,Frosted Glass,Millennium,#dee8f2
7531W,Milano Blue,Millennium,#cbd9e9
7532W,Botticelli Blue,Millennium,#bacfe7
7533M,Magic Blue,Millennium,#a5c4e4
7534M,Toscana Blue,Millennium,#7faed9
7535D,Cobalt Blue,Millennium,#518bc0
7536N,Deep Space,Millennium,#356293
7540W,Snowdrop,Millennium,#d8e7f1
7541W,Lovebird Feather,Millennium,#caddec
7542W,Wishful Blue,Millennium,#bad4e9
7543M,Flaxflower,Millennium,#9cbedc
7544M,Fresh Water,Millennium,#88b1d4
7545D,Norwegian Blue,Millennium,#548dba
7546N,Baltic Blue,Millennium,#336a94
7550W,Iceland Blue,Millennium,#d6e5eb
7551W,Bunting Blue,Millennium,#bddaea
7552W,Blue Lady,Millennium,#b0d2e6
7553M,Nautilus,Millennium,#97c2db
7554M,Castaway Blue,Millennium,#74b1d3
7555D,Sea Route,Millennium,#3d8db3
7556A,Mariner,Millennium,#20769c
7560W,Ice Crystal,Millennium,#cfe6eb
7561W,Blue Current,Millennium,#bfe1e9
7562W,Crescent Blue,Millennium,#a9d4e2
7563M,Low Tide,Millennium,#93c7d9
7564M,Blue Seclusion,Millennium,#77b6cc
7565D,Cove Blue,Millennium,#4094ad
7566A,Voyager Blue,Millennium,#197b97
7570W,Heaven Scent,Millennium,#d7ebec
7571W,Blue Inlet,Millennium,#bde4eb
7572W,Placid Sea,Millennium,#aadbe4
7573M,Waterside,Millennium,#8bccd7
7574M,Perry Blue,Millennium,#6bbccb
7575D,Velvet Teal,Millennium,#319cab
7576A,Aqueduct Blue,Millennium,#008191
7580W,Mermaid Tear,Millennium,#cae8e9
7581W,Clarity Blue,Millennium,#bbe2e5
7582W,Aqua Edge,Millennium,#a7dade
7583M,Aqua Sweeps,Millennium,#8eccd1
7584M,Galleon,Millennium,#74bec5
7585D,Sea Fascination,Millennium,#409ca3
7586A,Mighty Main,Millennium,#128189
7590W,Distant Blue,Millennium,#d1eaea
7591W,Cruising Blue,Millennium,#c3e7e7
7592W,Abstract Aqua,Millennium,#b1e1e2
7593M,Aquifer,Millennium,#8fd2d4
7594M,Etruscan Blue,Millennium,#6ec5c8
7595D,Sea Sphinx,Millennium,#2da1a3
7596A,Aqua Dazzle,Millennium,#008a8d
7600W,Cistern Blue,Millennium,#d6ece9
7601W,Smooth Sailing,Millennium,#c0e8e5
7602W,Sea Lyric,Millennium,#abdcd9
7603M,Bali Hi,Millennium,#95d2cf
7604M,Yama Light,Millennium,#6fc0bd
7605D,Turquoise Mosaic,Millennium,#45a49e
7606A,Sea Venture,Millennium,#288883
7610W,Poolside,Millennium,#d6f1e7
7611W,Falling Water,Millennium,#c6e8de
7612W,Headwaters,Millennium,#b7e1d6
7613M,Sea Spray,Millennium,#99d3c7
7614M,Sea Quarry,Millennium,#82c9bb
7615D,Sea Queen,Millennium,#57aa96
7616N,Ultra Green,Millennium,#3c8570
7620W,Opal Green,Millennium,#dcf2e9
7621W,Filtered Green,Millennium,#c9eadd
7622W,Chiffon Mist,Millennium,#bae5d4
7623M,Spun Green,Millennium,#a4d8c0
7624M,Porch View,Millennium,#8ccbaf
7625D,Maidenhair Fern,Millennium,#68b18f
7626N,Irish Juniper,Millennium,#4a8564
7630W,Dewmist,Millennium,#eaf5ea
7631W,Slender Stem,Millennium,#cee7d4
7632W,Green Pond,Millennium,#bddfc8
7633M,Water Cress,Millennium,#b1d9b9
7634M,Green Summit,Millennium,#9ecfac
7635D,Artemis,Millennium,#76b087
7636N,Lush Veranda,Millennium,#4b865d
7640W,Snowy Pine,Millennium,#e5f0e5
7641W,Clover Tip,Millennium,#d3e9d4
7642W,Impatient Green,Millennium,#c3e1c7
7643M,Weeping Willow,Millennium,#b9d7b8
7644M,Shaded Green,Millennium,#a0c9a3
7645D,Fairway,Millennium,#83ae82
7646N,Wild Mint,Millennium,#648b60
7650W,Creamy Cucumber,Millennium,#e5f0e2
7651W,Garden Fragrance,Millennium,#d7e6cd
7652W,Summer Lullaby,Millennium,#c9ddc0
7653M,Village Green,Millennium,#c2d5b6
7654M,Garland Green,Millennium,#aec69f
7655D,Barbados Green,Millennium,#92af7e
7656N,Dandelion Green,Millennium,#738f60
7660W,Willow Wind,Millennium,#eff2e2
7661W,Delicate Vine,Millennium,#d7e3c5
7662W,Cypress Garden,Millennium,#d0dcbe
7663M,Aspen Meadows,Millennium,#cdd6b9
7664M,Thin Asparagus,Millennium,#bbc6a0
7665D,Aloe Vera,Millennium,#9ab07d
7666N,Cactus Pete,Millennium,#81935e
7670W,Minced Onion,Millennium,#f0efd8
7671W,Boc Choy,Millennium,#e5e4bf
7672W,Honeydew,Millennium,#dcddb0
7673M,Pekoe Tea,Millennium,#cccc95
7674D,Dried Basil,Millennium,#b9b774
7675A,Romaine,Millennium,#a8a864
7676N,Jungle Moss,Millennium,#909251
7680W,Evasive White,Millennium,#f1ecd0
7681W,Dewy Twig,Millennium,#eae5c3
7682W,Lime Ice,Millennium,#e4deb5
7683M,Sweet Olive,Millennium,#d8cf97
7684D,Spring Sprout,Millennium,#cbbf6f
7685A,Liverpool,Millennium,#b9b060
7686N,Summer Olive,Millennium,#a7a050
7690W,Liming White,Millennium,#f9f3dd
7691W,Flora Ivory,Millennium,#f5ecc8
7692W,Escarole,Millennium,#f2e8b8
7693M,Emeraude Gold,Millennium,#eadb9a
7694D,Fife Gold,Millennium,#d8c473
7695A,Antebellum,Millennium,#cdb860
7696N,Kiwi Fruit,Millennium,#bea850
7700W,Downy Duckling,Millennium,#fdf5db
7701W,Ivory Paper,Millennium,#faeec1
7702W,Yellow Sash,Millennium,#f7eab3
7703M,Cool Yellow,Millennium,#f8e599
7704D,Cat's Eye,Millennium,#c7d23a
7705A,Pyrite,Millennium,#e5c955
7706N,Green Citrus,Millennium,#ceaf38
7710W,Star Magnolia,Millennium,#faf0d5
7711W,Angelica Blossom,Millennium,#faebc2
7712W,Dijon,Millennium,#f9e6b5
7713M,Mustard Bloom,Millennium,#f7db94
7714D,Honey Gold,Millennium,#f3d281
7715D,Golden Rotunda,Millennium,#eac66c
7716N,Evergold,Millennium,#daad49
7720W,Delicate Cream,Millennium,#fbf2d9
7721W,Light Honey,Millennium,#ffedc3
7722W,Roman Chamomile,Millennium,#ffe7b1
7723M,Daisetta,Millennium,#fddc94
7724D,Golden Horn,Millennium,#f5c96c
7725A,Cortez Gold,Millennium,#eebd5a
7726N,Gold Rush,Millennium,#e5b048
7730W,Corinthian,Millennium,#fcf1df
7731W,Light Topaz,Millennium,#fee6bc
7732W,Butter Pecan,Millennium,#f4dd7c
7733M,Sahara Gold,Millennium,#fddaa1
7734M,Cane,Millennium,#f8cf8d
7735D,Topaz,Millennium,#edba68
7736N,Butterbrickle,Millennium,#daa14b
7740W,Snow Gum,Millennium,#fbf5e9
7741W,Slivered Pecan,Millennium,#fae4c1
7742W,Light Toast,Millennium,#fbdeb2
7743M,Cupola Yellow,Millennium,#f8d9a8
7744M,September Leaf,Millennium,#f4cd94
7745D,Spanish Gold,Millennium,#e6b56f
7746N,Golden Glove,Millennium,#c8964e
7750W,Beach Basket,Millennium,#faefdc
7751W,Beach Grass,Millennium,#f3dec3
7752W,Oakbuff,Millennium,#ebd1b0
7753M,Harvest Tan,Millennium,#e9cba7
7754M,Safari Tan,Millennium,#e2c195
7755D,Tannery,Millennium,#d2a978
7756N,Cockatoo Gold,Millennium,#b68a58
7760W,Weaverbird,Millennium,#f6efe5
7761W,Nutmeg Dust,Millennium,#f4e1c7
7762W,Western Sand,Millennium,#f9debb
7763M,Highland Buff,Millennium,#f0c99d
7764M,Coffee 'N Cream,Millennium,#e4b784
7765D,Terracotta Tile,Millennium,#d9a36d
7766A,Rich Amber,Millennium,#bf8652
7770W,Frosty Toffee,Millennium,#f9ebdb
7771W,Ceramic Beige,Millennium,#fbe5cf
7772W,Pale Adobe,Millennium,#f9d9bd
7773M,Desert Sunset,Millennium,#f1c8a2
7774D,Desert Vista,Millennium,#e2aa78
7775D,Canyon Wall,Millennium,#da9f6d
7776N,Galena Gold,Millennium,#c78b56
7780W,Blushed Cotton,Millennium,#faeee2
7781W,Enchilada,Millennium,#f9e2cd
7782W,Peach Beige,Millennium,#f5dac0
7783M,Toasted Tan,Millennium,#e7c1a2
7784M,Nullabor Sand,Millennium,#e0b490
7785D,Heathcote,Millennium,#ce9870
7786N,Contemporary Maple,Millennium,#ba805a
7790W,Opalescence,Millennium,#fceede
7791W,Ivory Peach,Millennium,#fce4d1
7792W,Dusky Coral,Millennium,#fdddc7
7793M,Taffy Crunch,Millennium,#f5c09a
7794D,Appealing Apricot,Millennium,#e8a478
7795A,Southwest Amber,Millennium,#e09769
7796N,Mythic Fire,Millennium,#c67f51
7800W,Ivory Powder,Millennium,#f5e9dd
7801W,Strata Beige,Millennium,#f9e5d5
7802W,Westerly Tan,Millennium,#f7dcca
7803M,Mission Beige,Millennium,#ebc3a4
7804D,Clay Urn,Millennium,#dca47f
7805A,Copper Gold,Millennium,#c58b65
7806N,Roaring Hearth,Millennium,#b57855
7810W,Taffy Tint,Millennium,#faeae1
7811W,Golden Apricot,Millennium,#f8dccc
7812W,Confection Tan,Millennium,#f2d1bd
7813M,Apple Taffy,Millennium,#e6b89c
7814D,Honeysuckle Coral,Millennium,#d49b80
7815A,Paprika,Millennium,#cb8e72
7816N,Tasmanian Myrtle,Millennium,#be7e61
7820W,Sheer Natural,Millennium,#f7e7dc
7821W,Blush Beige,Millennium,#f2d7c7
7822W,Tyrian Tan,Millennium,#eecbb8
7823M,Mayan Sun,Millennium,#e7b7a3
7824M,Desert Edge,Millennium,#d9a48d
7825D,Tawny Copper,Millennium,#c88b73
7826A,Ayers Rock,Millennium,#b2755e
7830W,Apple Blush,Millennium,#f7ebe8
7831W,French Floral,Millennium,#fce2dc
7832W,Pale Rose,Millennium,#fadad1
7833M,Matador Pink,Millennium,#f4bdb1
7834D,Breccia,Millennium,#eaa796
7835D,Reef Rust,Millennium,#e39785
7836N,Copper Canyon,Millennium,#c0715c
7840W,Pink Candle,Millennium,#fce9e4
7841W,Candied Apricot,Millennium,#fbe3dd
7842W,Misted Coral,Millennium,#fad6d0
7843M,Terra Cotta Tint,Millennium,#f4bab2
7844D,Rockies Red,Millennium,#e6988c
7845D,Sunburst,Millennium,#dc877b
7846N,Eldorado,Millennium,#bd6557
7850W,Cosmetic Pink,Millennium,#fce9e4
7851W,Rose Damask,Millennium,#f9e0db
7852W,Dutchess Dawn,Millennium,#f5d1cb
7853W,Muted Mesa,Millennium,#ebb4ab
7854M,Rose Pueblo,Millennium,#d28880
7855D,Cajun Spice,Millennium,#c7776c
7856A,Tomahawk,Millennium,#ae6158
7860W,Pink Shine,Millennium,#f7eae6
7861W,Oregon Rose,Millennium,#f4dedc
7862W,Wild Carnation,Millennium,#f0d1d0
7863M,Opening Bud,Millennium,#efb1ad
7864D,Coral Berry,Millennium,#dd918b
7865A,Field Poppy,Millennium,#ca7c76
7866N,Baked Apple,Millennium,#b25e5a
7870W,Pinafore,Millennium,#fbe8e8
7871W,Pink Light,Millennium,#f6d3d5
7872W,Berry Mousse,Millennium,#f1c7c9
7873M,Cashmere Rose,Millennium,#ebabad
7874D,Canterbury Rose,Millennium,#dd8c8d
7875A,Polished Coral,Millennium,#cb7b77
7876N,Briar Berry,Millennium,#b0625e
7880W,Softly Pink,Millennium,#fbe2e1
7881W,Dawn Glow,Millennium,#fad5d7
7882W,Rouge,Millennium,#f9c7cb
7883M,Charming Pink,Millennium,#f4aeb4
7884D,Rambler Rose,Millennium,#e58e95
7885A,Crimson Barberry,Millennium,#d16e72
7886N,Rio Red,Millennium,#bf5d5d
7890W,Pink Clarity,Millennium,#f8e7e7
7891W,Ginger Pink,Millennium,#f0cacb
7892W,Cherokee Rose,Millennium,#edbec0
7893M,Gaiety Rose,Millennium,#e2a4a7
7894D,Sun Poppy,Millennium,#d89394
7895A,Blazen Pink,Millennium,#be7273
7896N,Duberry Red,Millennium,#a8605d
7900W,Tatiana Pink,Millennium,#f6e7e7
7901W,Cameo Glass,Millennium,#f4d3d8
7902W,Rose Memory,Millennium,#edc4ca
7903M,Autumn Rose,Millennium,#e3a9b1
7904D,Rose Shade,Millennium,#d8959d
7905D,Chinaberry,Millennium,#c78087
7906N,Remember Rose,Millennium,#a25d64
7910W,Rose Thought,Millennium,#fadee6
7911W,Sweet Columbine,Millennium,#f8d1de
7912W,Sweetrose,Millennium,#f4c4d4
7913M,Cactus Bloom,Millennium,#eeaabe
7914D,Pink Gardenia,Millennium,#db879d
7915A,Miniature Rose,Millennium,#ca7084
7916N,Regency Red,Millennium,#a44f58
7920W,Swiss Pink,Millennium,#f2d6e1
7921W,Windflower,Millennium,#f2ccda
7922W,Viva La Pink,Millennium,#e7bbcd
7923M,Madeline,Millennium,#e1a5bc
7924D,Floral Plum,Millennium,#c9839d
7925A,Rose Velvet,Millennium,#b56c84
7926N,Magenta Royale,Millennium,#96566a
7930W,Raspberry Pink,Millennium,#f8e6eb
7931W,May Blossom,Millennium,#ecc9dc
7932W,Garden Paradise,Millennium,#e5bbd2
7933M,Viola Phlox,Millennium,#daa0be
7934D,Geisha,Millennium,#c780a1
7935A,Exotic Plum,Millennium,#ad6a8b
7936N,Bright Bordeaux,Millennium,#95536a
7940W,Cherish,Millennium,#f0e1eb
7941W,Romantic Violet,Millennium,#e2ccdf
7942W,Violet Trace,Millennium,#dec0d7
7943D,Violet Aero,Millennium,#c596b6
7944D,Rose Amaranth,Millennium,#b583a6
7945A,Fresh Berry,Millennium,#a16d8f
7946N,Blackberry Swirl,Millennium,#725264
7950W,Plum Frost,Millennium,#efe4eb
7951W,Ophelia Violet,Millennium,#e6d0df
7952W,Captivating Violet,Millennium,#dcc1d5
7953D,Plum Sparkle,Millennium,#bc9ab6
7954D,Perfect Plum,Millennium,#a785a5
7955A,Regal Bearing,Millennium,#91708f
7956N,Bacchus,Millennium,#6e576b
